1195.8833 ,287.9667 ,1.4157 ,1.6780 ,2.3837 ,3.0513 ,-0.2317 ,0.1649 ,0.7588 
1219.1000 ,296.0280 ,1.4661 ,1.6107 ,2.3495 ,3.0490 ,-0.2301 ,0.2005 ,0.7928 
1230.3100 ,300.2880 ,1.4060 ,1.6436 ,2.3443 ,3.0153 ,-0.2289 ,0.2359 ,0.8268 
1255.2933 ,306.3433 ,2.0821 ,1.6512 ,2.3301 ,2.9865 ,-0.2281 ,0.2712 ,0.8607 
1282.3800 ,315.5180 ,1.3867 ,1.6507 ,2.2989 ,2.9324 ,-0.2277 ,0.3063 ,0.8947 
1280.6360 ,314.6800 ,1.3592 ,1.6938 ,2.2951 ,2.8894 ,-0.2261 ,0.3084 ,0.8950 
1285.1820 ,313.2720 ,1.2907 ,1.6842 ,2.3270 ,2.9528 ,-0.2250 ,0.3107 ,0.8956 
1296.3560 ,314.8640 ,1.3712 ,1.7209 ,2.3860 ,2.8992 ,-0.2243 ,0.3130 ,0.8964 
1258.0160 ,305.6220 ,1.4156 ,1.6960 ,2.4160 ,2.8960 ,-0.2242 ,0.3154 ,0.8974 
1267.4340 ,308.5980 ,1.4033 ,1.7000 ,2.3940 ,2.9080 ,-0.2252 ,0.2873 ,0.8893 
1294.5380 ,315.1140 ,1.5030 ,1.6980 ,2.4210 ,2.9184 ,-0.2264 ,0.2591 ,0.8814 
1298.6600 ,322.0540 ,1.5872 ,1.7095 ,2.5419 ,2.9320 ,-0.2278 ,0.2311 ,0.8737 
1334.4280 ,334.9240 ,1.6374 ,1.6958 ,2.4825 ,2.9238 ,-0.2295 ,0.2031 ,0.8662 
1354.6620 ,344.4480 ,1.5238 ,1.6837 ,2.5855 ,2.9541 ,-0.2315 ,0.1751 ,0.8589 
1392.6220 ,348.7440 ,1.6456 ,1.7080 ,2.6221 ,3.0016 ,-0.2541 ,0.1797 ,0.8827 
1416.7980 ,348.8840 ,1.7903 ,1.7173 ,2.5867 ,3.0257 ,-0.2771 ,0.1844 ,0.9068 
1542.8320 ,378.9700 ,1.5271 ,1.7085 ,2.5344 ,3.0080 ,-0.3004 ,0.1893 ,0.9313 
1635.8640 ,402.8100 ,1.4482 ,1.7556 ,2.4800 ,3.0080 ,-0.3240 ,0.1943 ,0.9562 
1611.6960 ,401.9520 ,1.4114 ,1.7265 ,2.4540 ,3.0040 ,-0.3298 ,0.1776 ,0.9567 
1660.1460 ,421.5040 ,1.4769 ,1.7448 ,2.4600 ,3.0300 ,-0.3359 ,0.1610 ,0.9573 
1619.2340 ,414.5480 ,1.5986 ,1.8118 ,2.5400 ,3.0360 ,-0.3424 ,0.1445 ,0.9581 
1548.2160 ,399.9020 ,1.6494 ,1.9227 ,2.6479 ,3.0840 ,-0.3491 ,0.1280 ,0.9591 
1595.7040 ,413.0540 ,1.7843 ,2.0160 ,2.7223 ,3.1240 ,-0.3380 ,0.1358 ,0.9197 
1651.2240 ,427.9780 ,1.7726 ,2.0060 ,2.7050 ,3.1530 ,-0.3272 ,0.1435 ,0.8804 
1713.8100 ,439.0540 ,1.7128 ,1.9982 ,2.7146 ,3.1682 ,-0.3166 ,0.1511 ,0.8412 
1708.2240 ,436.9600 ,1.7435 ,1.9862 ,2.7050 ,3.2014 ,-0.3062 ,0.1586 ,0.8021 
1666.5500 ,428.4120 ,2.2232 ,1.9996 ,2.7680 ,3.1980 ,-0.3061 ,0.1428 ,0.8154 
1675.0500 ,429.4220 ,2.4714 ,2.2190 ,2.8240 ,3.2530 ,-0.3062 ,0.1270 ,0.8288 
1597.0840 ,398.8220 ,2.4570 ,2.2174 ,2.7976 ,3.2500 ,-0.3065 ,0.1110 ,0.8420 
1583.7180 ,391.4980 ,2.3837 ,2.1976 ,2.8160 ,3.2550 ,-0.3069 ,0.0949 ,0.8553 
1596.8320 ,396.3700 ,2.1857 ,2.1118 ,2.7546 ,3.2340 ,-0.3063 ,0.0849 ,0.8563 
1614.5920 ,401.8220 ,2.1107 ,2.0956 ,2.7814 ,3.2504 ,-0.3059 ,0.0748 ,0.8574 
1650.3980 ,417.2300 ,2.0746 ,2.0390 ,2.7530 ,3.2428 ,-0.3056 ,0.0649 ,0.8586 
1664.5780 ,420.3400 ,2.1824 ,2.0408 ,2.7302 ,3.2132 ,-0.3056 ,0.0549 ,0.8598 
1694.1920 ,419.8760 ,2.0884 ,2.0383 ,2.7175 ,3.1804 ,-0.3057 ,0.0450 ,0.8611 
1733.3880 ,430.8060 ,2.0137 ,1.9904 ,2.6377 ,3.1190 ,-0.2987 ,0.0505 ,0.8506 
1729.8860 ,432.2380 ,2.1688 ,2.0072 ,2.6296 ,2.9998 ,-0.2919 ,0.0560 ,0.8401 
1784.6380 ,447.0620 ,2.0968 ,2.0404 ,2.6258 ,2.9739 ,-0.2852 ,0.0616 ,0.8296 
1781.0000 ,448.0940 ,2.0329 ,2.0210 ,2.5662 ,2.9540 ,-0.2787 ,0.0672 ,0.8191 
1797.8100 ,444.4980 ,2.0851 ,2.0040 ,2.5120 ,2.9429 ,-0.2869 ,0.0614 ,0.8202 
1844.2060 ,447.6140 ,2.2210 ,2.0125 ,2.5103 ,2.9516 ,-0.2953 ,0.0556 ,0.8212 
1884.4980 ,451.1040 ,2.4589 ,2.0482 ,2.5327 ,2.9766 ,-0.3039 ,0.0499 ,0.8220 
1917.6580 ,443.5720 ,3.1422 ,2.0499 ,2.5190 ,2.9644 ,-0.3128 ,0.0442 ,0.8228 
2041.8720 ,462.3940 ,3.4294 ,2.1225 ,2.5888 ,3.0275 ,-0.3291 ,0.0562 ,0.7935 
2068.2860 ,486.4140 ,2.6189 ,2.0718 ,2.5667 ,2.9923 ,-0.3457 ,0.0684 ,0.7640 
2148.3860 ,506.0160 ,2.1627 ,2.0626 ,2.5446 ,2.9991 ,-0.3626 ,0.0807 ,0.7343 
2229.1860 ,513.7940 ,2.0159 ,2.1277 ,2.5741 ,3.0424 ,-0.3797 ,0.0931 ,0.7044 
2351.2860 ,540.0540 ,1.6763 ,2.1183 ,2.5707 ,3.0274 ,-0.3869 ,0.1015 ,0.6888 
2538.9880 ,543.7480 ,1.7470 ,2.0937 ,2.5917 ,3.0310 ,-0.3944 ,0.1100 ,0.6729 
2678.5250 ,557.9600 ,1.4803 ,2.0840 ,2.5791 ,3.0225 ,-0.4023 ,0.1188 ,0.6567 
2755.7600 ,599.0880 ,1.4143 ,2.0831 ,2.5645 ,3.0188 ,-0.4105 ,0.1277 ,0.6400 
2796.7620 ,649.6760 ,1.3952 ,2.0462 ,2.5880 ,3.0222 ,-0.3994 ,0.1362 ,0.6250 
2919.4780 ,693.6120 ,1.6485 ,2.0455 ,2.6184 ,3.0322 ,-0.3885 ,0.1448 ,0.6099 
2824.1600 ,670.4340 ,1.7886 ,2.0704 ,2.6671 ,3.0586 ,-0.3776 ,0.1533 ,0.5949 
2694.5080 ,664.2700 ,2.0190 ,2.1220 ,2.7173 ,3.0832 ,-0.3669 ,0.1619 ,0.5798 
2907.1220 ,729.1520 ,3.0037 ,2.1438 ,2.7413 ,3.1320 ,-0.3750 ,0.1281 ,0.5702 
2864.4360 ,734.6380 ,1.6769 ,2.1420 ,2.7341 ,3.1474 ,-0.3833 ,0.0943 ,0.5606 
2877.6020 ,746.2040 ,1.4470 ,2.1440 ,2.7346 ,3.1968 ,-0.3919 ,0.0604 ,0.5511 
2941.6420 ,776.2420 ,1.3920 ,2.1360 ,2.7652 ,3.2516 ,-0.4007 ,0.0264 ,0.5415 
3049.9080 ,802.1280 ,1.6164 ,2.1960 ,2.8255 ,3.3831 ,-0.4148 ,0.0257 ,0.5227 
3163.2360 ,831.4640 ,1.7873 ,2.2495 ,2.8197 ,3.4274 ,-0.4291 ,0.0252 ,0.5037 
3295.6340 ,866.2220 ,1.8764 ,2.2688 ,2.8232 ,3.4407 ,-0.4438 ,0.0247 ,0.4845 
3477.5520 ,930.3760 ,2.0405 ,2.2718 ,2.9270 ,3.4955 ,-0.4586 ,0.0243 ,0.4651 
3570.7860 ,987.4660 ,2.7480 ,2.2768 ,3.0760 ,3.5564 ,-0.4738 ,0.0240 ,0.4455 
3743.6620 ,1047.5640 ,2.8123 ,2.3079 ,3.1501 ,3.5988 ,-0.4830 ,0.0347 ,0.4252 
3841.2700 ,1064.7700 ,1.6115 ,2.2879 ,3.1362 ,3.5916 ,-0.4925 ,0.0456 ,0.4045 
4008.6200 ,1114.3600 ,1.7456 ,2.3038 ,3.1755 ,3.6235 ,-0.5023 ,0.0565 ,0.3834 
4002.0320 ,1131.6820 ,1.9443 ,2.3156 ,3.2661 ,3.7978 ,-0.5124 ,0.0676 ,0.3619 
4137.4460 ,1210.7960 ,1.8085 ,2.4182 ,3.4633 ,4.0320 ,-0.5209 ,0.0418 ,0.3531 
4154.1020 ,1214.4040 ,1.8225 ,2.4720 ,3.4876 ,4.0720 ,-0.5297 ,0.0160 ,0.3439 
3803.5520 ,1092.8460 ,2.0028 ,2.4906 ,3.5095 ,4.1439 ,-0.5387 ,-0.0098 ,0.3344 
4098.4760 ,1211.1440 ,1.8593 ,2.5759 ,3.6471 ,4.2409 ,-0.5481 ,-0.0356 ,0.3244 
4205.2920 ,1242.1460 ,2.4707 ,2.6360 ,3.8070 ,4.4195 ,-0.5651 ,-0.0346 ,0.2920 
3945.5900 ,1127.9440 ,1.7947 ,2.6640 ,3.9090 ,4.4245 ,-0.5823 ,-0.0336 ,0.2594 
3789.8800 ,1068.5300 ,2.2298 ,2.7421 ,3.8790 ,4.4596 ,-0.5995 ,-0.0325 ,0.2266 
3886.4700 ,1088.8640 ,2.5121 ,2.8273 ,3.8626 ,4.4650 ,-0.6170 ,-0.0314 ,0.1938 
3923.9920 ,1084.8680 ,2.1721 ,2.8444 ,3.8583 ,4.4546 ,-0.6345 ,-0.0302 ,0.1608 
4287.8960 ,1211.4700 ,1.8449 ,2.8951 ,3.8372 ,4.3841 ,-0.6549 ,-0.0480 ,0.1287 
4436.1720 ,1284.9460 ,1.9759 ,2.8956 ,3.7548 ,4.2911 ,-0.6755 ,-0.0656 ,0.0963 
4689.1940 ,1339.7480 ,1.9518 ,2.9092 ,3.7608 ,4.3472 ,-0.6964 ,-0.0832 ,0.0637 
4796.9500 ,1315.9380 ,1.8673 ,2.9816 ,3.7897 ,4.3449 ,-0.7175 ,-0.1008 ,0.0309 
4996.0620 ,1395.2260 ,1.9238 ,2.9904 ,3.6970 ,4.2316 ,-0.7662 ,-0.1156 ,0.0007 
5168.1900 ,1435.7680 ,1.8673 ,2.8956 ,3.6514 ,4.2331 ,-0.8151 ,-0.1304 ,-0.0298 
5319.3340 ,1475.6720 ,1.8730 ,2.8910 ,3.6871 ,4.2533 ,-0.8642 ,-0.1453 ,-0.0604 
5245.5320 ,1448.6700 ,3.0171 ,2.9861 ,3.8460 ,4.3827 ,-0.9136 ,-0.1603 ,-0.0913 
5433.3220 ,1503.1460 ,3.5606 ,3.1891 ,4.1223 ,4.5352 ,-0.9633 ,-0.1754 ,-0.1225 
5442.2220 ,1498.6600 ,2.8987 ,3.2388 ,3.9516 ,4.4311 ,-0.9880 ,-0.1750 ,-0.1602 
5799.3200 ,1537.8300 ,1.9369 ,3.0873 ,3.9566 ,4.3711 ,-1.0130 ,-0.1747 ,-0.1983 
5960.3520 ,1517.3980 ,1.9021 ,3.2454 ,3.9544 ,4.4258 ,-1.0384 ,-0.1745 ,-0.2370 
5687.1700 ,1423.8880 ,4.2668 ,3.3980 ,4.0890 ,4.4840 ,-1.0640 ,-0.1745 ,-0.2761 
5858.4120 ,1421.9380 ,2.7810 ,3.3750 ,4.1021 ,4.4915 ,-1.1281 ,-0.1830 ,-0.2880 
5483.6720 ,1351.5980 ,2.0685 ,3.5460 ,4.2140 ,4.5427 ,-1.1927 ,-0.1915 ,-0.3001 
5288.0180 ,1292.2960 ,1.9190 ,3.7520 ,4.3150 ,4.5919 ,-1.2579 ,-0.2002 ,-0.3122 
5158.8080 ,1294.0940 ,1.9605 ,3.7740 ,4.3020 ,4.5548 ,-1.3237 ,-0.2088 ,-0.3245 
4899.6920 ,1242.4080 ,1.8840 ,3.7640 ,4.2160 ,4.5171 ,-1.3431 ,-0.1813 ,-0.3246 
4990.7960 ,1284.6760 ,1.8939 ,3.7620 ,4.2421 ,4.5069 ,-1.3630 ,-0.1538 ,-0.3247 
5079.6980 ,1339.2420 ,1.9098 ,3.6993 ,4.2231 ,4.4910 ,-1.3834 ,-0.1261 ,-0.3248 
4960.0060 ,1340.3080 ,1.8949 ,3.6413 ,4.2407 ,4.4330 ,-1.4042 ,-0.0982 ,-0.3248 
5247.8480 ,1428.5880 ,1.9651 ,3.6779 ,4.2609 ,4.4367 ,-1.4281 ,-0.0990 ,-0.4125 
5318.0800 ,1491.9033 ,2.3959 ,3.6198 ,4.2089 ,4.4213 ,-1.4527 ,-0.0996 ,-0.5005 
5431.3800 ,1536.7000 ,2.0545 ,3.5539 ,4.2037 ,4.3991 ,-1.4779 ,-0.1002 ,-0.5889 
5312.8880 ,1540.9760 ,1.8850 ,3.5455 ,4.2056 ,4.4016 ,-1.5038 ,-0.1007 ,-0.6777 
4731.3320 ,1409.5420 ,1.9166 ,3.4901 ,4.1392 ,4.3042 ,-1.4726 ,-0.0993 ,-0.7056 
4399.8480 ,1322.9540 ,1.9667 ,3.4010 ,3.9287 ,4.1875 ,-1.4417 ,-0.0978 ,-0.7338 
4635.9350 ,1376.2850 ,2.0901 ,3.3795 ,3.8555 ,4.1385 ,-1.4110 ,-0.0962 ,-0.7621 
4513.3900 ,1370.9233 ,2.2234 ,3.3963 ,3.8730 ,4.1637 ,-1.3806 ,-0.0945 ,-0.7907 
4539.3900 ,1412.6280 ,2.3684 ,3.4210 ,3.9044 ,4.1852 ,-1.3628 ,-0.0410 ,-0.8109 
4282.5620 ,1347.8720 ,2.4663 ,3.3650 ,3.8992 ,4.1371 ,-1.3452 ,0.0121 ,-0.8312 
4345.5760 ,1387.5740 ,2.0434 ,3.3080 ,3.9573 ,4.1594 ,-1.3278 ,0.0649 ,-0.8517 
4063.2460 ,1283.9260 ,1.9880 ,3.2760 ,3.9499 ,4.1775 ,-1.3105 ,0.1172 ,-0.8722 
3770.2380 ,1138.2060 ,2.1929 ,3.2334 ,3.9110 ,4.0950 ,-1.2868 ,0.1302 ,-0.8816 
3570.8620 ,1136.8240 ,2.1043 ,3.1771 ,3.8056 ,4.0362 ,-1.2632 ,0.1432 ,-0.8910 
3398.9975 ,1025.6750 ,2.3909 ,3.1156 ,3.7822 ,4.0496 ,-1.2397 ,0.1561 ,-0.9005 
3518.1400 ,1068.7500 ,2.3839 ,3.1252 ,3.7655 ,4.0443 ,-1.2163 ,0.1690 ,-0.9100 
3250.8060 ,988.8800 ,2.4174 ,3.1970 ,3.7404 ,4.0227 ,-1.1930 ,0.1818 ,-0.9194 
3336.7760 ,979.9780 ,2.1703 ,3.1732 ,3.7386 ,4.0335 ,-1.1524 ,0.1938 ,-0.9127 
3563.7467 ,1066.1967 ,2.1590 ,3.2125 ,3.7614 ,4.0718 ,-1.1121 ,0.2058 ,-0.9060 
3668.7980 ,1105.2800 ,2.3281 ,3.2370 ,3.8202 ,4.1015 ,-1.0719 ,0.2178 ,-0.8995 
3621.2400 ,1123.6780 ,2.5149 ,3.2525 ,3.8548 ,4.1568 ,-1.0320 ,0.2297 ,-0.8931 
3510.1660 ,1074.7100 ,2.6746 ,3.2828 ,3.8551 ,4.1657 ,-1.0063 ,0.2667 ,-0.9010 
3406.7540 ,1035.9660 ,2.6229 ,3.3450 ,3.8692 ,4.1631 ,-0.9807 ,0.3037 ,-0.9089 
3389.3340 ,1023.2580 ,2.9001 ,3.3889 ,3.8685 ,4.1602 ,-0.9553 ,0.3406 ,-0.9169 
2980.7250 ,894.5100 ,3.2764 ,3.5142 ,3.9779 ,4.2850 ,-0.9299 ,0.3774 ,-0.9249 
2838.1160 ,812.1040 ,2.5295 ,3.4812 ,4.0290 ,4.3492 ,-0.8939 ,0.4059 ,-0.9124 
2823.7460 ,812.7660 ,2.6964 ,3.4453 ,4.1264 ,4.4937 ,-0.8580 ,0.4343 ,-0.9000 
2682.5720 ,794.7280 ,2.6418 ,3.5391 ,4.2618 ,4.5316 ,-0.8222 ,0.4627 ,-0.8877 
2851.9960 ,863.9180 ,2.5016 ,3.4938 ,4.1853 ,4.5041 ,-0.7865 ,0.4910 ,-0.8755 
2765.3460 ,829.5360 ,2.4376 ,3.5148 ,4.1663 ,4.4315 ,-0.7510 ,0.5193 ,-0.8633 
2864.1560 ,856.2060 ,2.5123 ,3.5657 ,4.1899 ,4.4188 ,-0.6992 ,0.5670 ,-0.8384 
2833.5060 ,848.1500 ,2.5771 ,3.5473 ,4.2017 ,4.4425 ,-0.6476 ,0.6146 ,-0.8137 
2697.0320 ,787.2860 ,2.7852 ,3.6091 ,4.2174 ,4.4763 ,-0.5964 ,0.6620 ,-0.7893 
2452.2520 ,697.1260 ,2.6560 ,3.6034 ,4.1956 ,4.4928 ,-0.5455 ,0.7093 ,-0.7651 
2404.9140 ,679.9660 ,2.5747 ,3.5347 ,4.0631 ,4.3874 ,-0.4890 ,0.7783 ,-0.7543 
2370.6220 ,652.8460 ,2.6092 ,3.4951 ,3.9793 ,4.2961 ,-0.4327 ,0.8467 ,-0.7435 
2277.3120 ,628.0960 ,2.6617 ,3.4225 ,3.9404 ,4.1567 ,-0.3766 ,0.9145 ,-0.7328 
2119.7220 ,582.2400 ,2.6319 ,3.3615 ,3.8513 ,4.0898 ,-0.3208 ,0.9817 ,-0.7222 
1971.6550 ,568.3775 ,2.7409 ,3.2047 ,3.4806 ,3.7285 ,-0.2652 ,1.0483 ,-0.7116 
2249.2020 ,602.7380 ,2.9713 ,3.3398 ,3.5538 ,3.7380 ,-0.1845 ,1.0873 ,-0.6718 
2099.7900 ,568.3440 ,2.9855 ,3.0803 ,3.2111 ,3.3525 ,-0.1044 ,1.1260 ,-0.6324 
1985.2300 ,520.0920 ,2.4385 ,2.8140 ,2.9649 ,3.1390 ,-0.0247 ,1.1645 ,-0.5934 
1908.7080 ,514.1100 ,2.2950 ,2.7171 ,3.0056 ,3.1895 ,0.0545 ,1.2027 ,-0.5547 
1741.4760 ,475.4600 ,2.2958 ,2.5934 ,2.8553 ,3.0942 ,0.1293 ,1.2387 ,-0.5216 
1730.5020 ,464.8480 ,2.2669 ,2.4384 ,2.7497 ,3.0397 ,0.2036 ,1.2745 ,-0.4890 
1898.3140 ,512.3140 ,2.1920 ,2.1987 ,2.5056 ,2.9063 ,0.2774 ,1.3101 ,-0.4568 
1980.7080 ,551.0180 ,2.2124 ,2.0628 ,2.6087 ,3.0285 ,0.3507 ,1.3454 ,-0.4250 
1894.5360 ,536.5720 ,1.9641 ,2.0171 ,2.4994 ,3.0474 ,0.3939 ,1.3622 ,-0.4101 
1953.9660 ,577.9300 ,1.4841 ,1.6951 ,2.3065 ,2.9711 ,0.4368 ,1.3789 ,-0.3954 
2038.7060 ,610.1920 ,1.2452 ,1.3368 ,2.0827 ,2.9706 ,0.4794 ,1.3956 ,-0.3811 
1990.0700 ,607.9360 ,0.9941 ,1.1900 ,1.8591 ,2.8191 ,0.5217 ,1.4123 ,-0.3670 
1890.5460 ,585.2940 ,0.9099 ,1.0905 ,1.7821 ,2.7134 ,0.5583 ,1.4132 ,-0.3384 
1834.7333 ,559.6333 ,0.9286 ,1.0988 ,1.7961 ,2.7437 ,0.5947 ,1.4141 ,-0.3100 
1904.9840 ,580.2220 ,0.8888 ,1.0623 ,1.7834 ,2.6872 ,0.6308 ,1.4150 ,-0.2817 
1913.4480 ,590.1840 ,0.8319 ,1.0497 ,1.9525 ,2.8782 ,0.6668 ,1.4159 ,-0.2535 
1992.2820 ,607.2120 ,0.8837 ,1.0944 ,2.3210 ,3.0645 ,0.6990 ,1.4179 ,-0.2062 
2091.9000 ,646.5040 ,0.8278 ,1.1195 ,2.5565 ,3.2625 ,0.7309 ,1.4199 ,-0.1593 
2263.9140 ,719.9660 ,0.8391 ,1.0960 ,2.4996 ,3.2121 ,0.7626 ,1.4219 ,-0.1130 
2281.4600 ,734.6960 ,0.8283 ,1.0965 ,2.4225 ,3.1623 ,0.7940 ,1.4239 ,-0.0671 
2183.4200 ,717.8480 ,0.8223 ,1.0420 ,2.3810 ,3.1486 ,0.8226 ,1.3891 ,-0.0359 
2155.4160 ,699.2380 ,0.8085 ,0.9835 ,2.4552 ,3.2003 ,0.8510 ,1.3541 ,-0.0048 
2135.8160 ,694.3240 ,0.8094 ,0.9064 ,2.4516 ,3.1630 ,0.8794 ,1.3191 ,0.0261 
2228.4400 ,734.8720 ,0.8106 ,0.9126 ,2.4130 ,3.1065 ,0.9075 ,1.2839 ,0.0569 
2338.3200 ,770.6620 ,0.8078 ,0.9156 ,2.4813 ,3.1325 ,0.9152 ,1.2698 ,0.0684 
2396.8680 ,793.2780 ,0.8088 ,0.9501 ,2.3989 ,3.1671 ,0.9228 ,1.2556 ,0.0799 
2402.6700 ,800.3600 ,0.8110 ,0.9960 ,2.4400 ,3.1894 ,0.9304 ,1.2413 ,0.0913 
2523.0020 ,850.4300 ,0.8135 ,0.9844 ,2.4615 ,3.1917 ,0.9380 ,1.2269 ,0.1027 
2493.4380 ,837.2860 ,0.8223 ,1.0036 ,2.4529 ,3.1565 ,0.9455 ,1.2123 ,0.1141 
2438.1375 ,809.9500 ,0.8168 ,1.0007 ,2.4543 ,3.1367 ,0.9391 ,1.1873 ,0.1089 
2588.5740 ,873.6880 ,0.8136 ,0.9977 ,2.4006 ,3.0873 ,0.9327 ,1.1622 ,0.1036 
2629.3680 ,873.8200 ,0.8121 ,0.9487 ,2.3887 ,3.0473 ,0.9263 ,1.1371 ,0.0983 
2637.8180 ,888.8840 ,0.8115 ,0.9027 ,2.3698 ,3.0374 ,0.9197 ,1.1119 ,0.0929 
2610.5067 ,880.0900 ,0.8151 ,0.9426 ,2.3759 ,3.0447 ,0.8969 ,1.0891 ,0.1001 
2749.0600 ,913.4820 ,0.8182 ,0.9510 ,2.3724 ,3.0921 ,0.8739 ,1.0663 ,0.1073 
2782.7120 ,918.6380 ,0.8209 ,0.9998 ,2.4122 ,3.1650 ,0.8507 ,1.0434 ,0.1145 
2822.0160 ,930.1580 ,0.8489 ,1.0025 ,2.4262 ,3.1567 ,0.8275 ,1.0205 ,0.1218 
2912.9120 ,948.5040 ,0.9627 ,0.9930 ,2.4419 ,3.2350 ,0.8070 ,0.9882 ,0.1035 
3018.2880 ,979.1940 ,1.0797 ,0.9836 ,2.4924 ,3.2394 ,0.7864 ,0.9559 ,0.0851 
3106.3720 ,1023.7940 ,1.0981 ,1.1333 ,2.6186 ,3.2848 ,0.7657 ,0.9235 ,0.0666 
3157.5500 ,1070.9240 ,1.2023 ,1.4247 ,2.8241 ,3.3826 ,0.7450 ,0.8910 ,0.0479 
3295.5680 ,1099.7580 ,1.4630 ,1.6590 ,2.9484 ,3.4620 ,0.7242 ,0.8585 ,0.0291 
3374.7260 ,1107.7360 ,1.3516 ,1.6495 ,2.9140 ,3.4982 ,0.6792 ,0.8180 ,0.0000 
3395.9100 ,1129.3460 ,1.3257 ,1.6326 ,2.9699 ,3.5137 ,0.6340 ,0.7773 ,-0.0294 
3162.9480 ,1065.8540 ,1.2232 ,1.6116 ,3.0043 ,3.5187 ,0.5885 ,0.7364 ,-0.0589 
2887.8880 ,956.4180 ,1.1228 ,1.6049 ,2.9854 ,3.5233 ,0.5428 ,0.6953 ,-0.0885 
2936.7840 ,991.4120 ,1.0188 ,1.6011 ,2.9175 ,3.4870 ,0.5129 ,0.6420 ,-0.1140 
2754.6140 ,927.4660 ,1.0605 ,1.5653 ,2.8702 ,3.4831 ,0.4828 ,0.5882 ,-0.1396 
2934.5060 ,1001.3780 ,1.1021 ,1.5208 ,2.8419 ,3.4414 ,0.4526 ,0.5340 ,-0.1654 
3016.6220 ,1046.2820 ,1.1913 ,1.5101 ,2.8584 ,3.4625 ,0.4223 ,0.4793 ,-0.1913 
2879.9340 ,1000.8160 ,1.2972 ,1.5007 ,2.9313 ,3.5128 ,0.3919 ,0.4240 ,-0.2173 
2765.8333 ,945.8867 ,1.4830 ,1.4582 ,2.9415 ,3.5016 ,0.3472 ,0.3639 ,-0.2451 
2911.7200 ,997.3200 ,1.5384 ,1.5066 ,2.9439 ,3.5542 ,0.3022 ,0.3034 ,-0.2730 
2951.5240 ,1017.3500 ,1.2726 ,1.5162 ,3.0446 ,3.6639 ,0.2570 ,0.2424 ,-0.3009 
3070.5140 ,1071.3080 ,1.2185 ,1.5066 ,3.0898 ,3.6800 ,0.2114 ,0.1810 ,-0.3289 
3023.7360 ,1061.5420 ,1.1540 ,1.5186 ,3.1090 ,3.6878 ,0.1331 ,0.1238 ,-0.3814 
3127.7020 ,1108.6720 ,1.1736 ,1.5291 ,3.1256 ,3.7090 ,0.0543 ,0.0662 ,-0.4344 
3177.9980 ,1138.9320 ,1.2270 ,1.4986 ,3.1278 ,3.7084 ,-0.0249 ,0.0081 ,-0.4879 
3298.0260 ,1193.3580 ,1.2039 ,1.5105 ,3.1013 ,3.6856 ,-0.1045 ,-0.0505 ,-0.5418 
3223.9220 ,1185.1900 ,1.1885 ,1.4941 ,3.0566 ,3.6387 ,-0.2055 ,-0.1112 ,-0.6287 
3256.4160 ,1215.1380 ,1.2326 ,1.4820 ,2.9553 ,3.5786 ,-0.3071 ,-0.1723 ,-0.7165 
3273.9420 ,1222.3300 ,1.2019 ,1.4858 ,2.9747 ,3.6252 ,-0.4095 ,-0.2338 ,-0.8052 
3225.1080 ,1186.2880 ,1.1729 ,1.4882 ,2.9545 ,3.6352 ,-0.5126 ,-0.2958 ,-0.8949 
3108.4060 ,1142.3800 ,1.1607 ,1.4893 ,2.9685 ,3.6542 ,-0.6139 ,-0.3060 ,-1.1349 
3235.0725 ,1193.1275 ,1.1629 ,1.4991 ,2.9740 ,3.6444 ,-0.7168 ,-0.3153 ,-1.3849 
3233.7880 ,1195.0680 ,1.1040 ,1.5247 ,2.9957 ,3.6558 ,-0.8214 ,-0.3237 ,-1.6453 
3219.8160 ,1208.5220 ,1.0536 ,1.5823 ,3.0214 ,3.6836 ,-0.9277 ,-0.3313 ,-1.9167 
3184.6540 ,1205.2080 ,1.0343 ,1.5950 ,3.0102 ,3.6534 ,-1.0037 ,-0.3261 ,-2.1592 
3016.7680 ,1119.7440 ,1.2897 ,1.6363 ,3.0052 ,3.5833 ,-1.0812 ,-0.3202 ,-2.4109 
2962.9240 ,1106.4940 ,1.3630 ,1.6463 ,2.9440 ,3.4950 ,-1.1601 ,-0.3133 ,-2.6722 
2974.0280 ,1113.2120 ,1.7994 ,1.6498 ,2.9513 ,3.4630 ,-1.2404 ,-0.3056 ,-2.9436 
3024.1440 ,1151.4780 ,1.4437 ,1.6699 ,2.9346 ,3.4619 ,-1.2875 ,-0.3055 ,-2.9961 
3062.4800 ,1176.5520 ,1.4197 ,1.5359 ,2.7614 ,3.3450 ,-1.3349 ,-0.3053 ,-3.0490 
3047.1980 ,1165.1420 ,1.3699 ,1.5245 ,2.6921 ,3.4107 ,-1.3824 ,-0.3052 ,-3.1022 
3026.8200 ,1160.4300 ,1.3386 ,1.5242 ,2.6867 ,3.4018 ,-1.4301 ,-0.3051 ,-3.1559 
3052.6840 ,1183.4740 ,1.3182 ,1.5138 ,2.7189 ,3.4198 ,-1.4720 ,-0.3126 ,-3.1852 
3133.3520 ,1216.7900 ,1.3161 ,1.5521 ,2.7860 ,3.4821 ,-1.5141 ,-0.3202 ,-3.2146 
3142.7400 ,1240.0850 ,1.3068 ,1.6327 ,2.8024 ,3.5305 ,-1.5563 ,-0.3279 ,-3.2442 
3150.3920 ,1239.8960 ,1.2914 ,1.6553 ,2.8370 ,3.5060 ,-1.5987 ,-0.3357 ,-3.2739 
2995.2260 ,1196.8240 ,1.2954 ,1.6334 ,2.7495 ,3.4151 ,-1.6412 ,-0.3436 ,-3.3038 
2903.3600 ,1154.5460 ,1.3489 ,1.5930 ,2.6739 ,3.3622 ,-1.6405 ,-0.3117 ,-3.2846 
2780.1275 ,1096.7100 ,1.4139 ,1.6301 ,2.6348 ,3.3417 ,-1.6400 ,-0.2798 ,-3.2656 
2681.8360 ,1032.9520 ,1.5075 ,1.7030 ,2.5911 ,3.2833 ,-1.6395 ,-0.2481 ,-3.2467 
2576.3960 ,992.2100 ,1.5742 ,1.7626 ,2.4594 ,3.2058 ,-1.6391 ,-0.2165 ,-3.2280 
2646.7060 ,1050.8560 ,2.0605 ,1.8192 ,2.4870 ,3.2305 ,-1.6058 ,-0.1822 ,-3.2089 
2567.6200 ,1028.2280 ,2.5514 ,1.8249 ,2.5376 ,3.2579 ,-1.5726 ,-0.1480 ,-3.1898 
2548.4140 ,1055.3260 ,1.9572 ,1.9307 ,2.5867 ,3.2902 ,-1.5396 ,-0.1141 ,-3.1709 
2536.7350 ,1030.5900 ,2.1946 ,2.0662 ,2.6937 ,3.3566 ,-1.5068 ,-0.0803 ,-3.1521 
2572.8700 ,1041.9780 ,2.2643 ,2.1285 ,2.7723 ,3.3972 ,-1.4737 ,-0.0337 ,-3.1158 
2423.4780 ,954.6140 ,2.2667 ,2.1214 ,2.6440 ,3.2929 ,-1.4407 ,0.0127 ,-3.0797 
2416.1120 ,953.1980 ,2.0327 ,2.0708 ,2.5749 ,3.2329 ,-1.4079 ,0.0588 ,-3.0437 
2452.0040 ,978.2040 ,1.5595 ,1.9092 ,2.5483 ,3.1890 ,-1.3752 ,0.1048 ,-3.0078 
2534.7960 ,1021.8380 ,1.4614 ,1.9076 ,2.5642 ,3.2164 ,-1.3426 ,0.1506 ,-2.9722 
2616.6660 ,1064.8820 ,1.4632 ,1.9373 ,2.6538 ,3.2920 ,-1.2954 ,0.1845 ,-2.9212 
2643.4380 ,1091.3540 ,1.4806 ,1.9264 ,2.6598 ,3.3019 ,-1.2484 ,0.2184 ,-2.8704 
2611.4960 ,1098.0320 ,1.4804 ,1.9139 ,2.6150 ,3.2647 ,-1.2016 ,0.2521 ,-2.8198 
2666.0380 ,1132.5660 ,1.5086 ,1.9328 ,2.6044 ,3.2461 ,-1.1550 ,0.2856 ,-2.7694 
2620.0960 ,1123.2420 ,1.6350 ,1.9011 ,2.6180 ,3.2286 ,-1.1443 ,0.3031 ,-2.7389 
2645.1020 ,1165.2980 ,2.1836 ,1.9087 ,2.6278 ,3.2357 ,-1.1336 ,0.3206 ,-2.7086 
2681.8920 ,1185.3840 ,1.7478 ,1.9207 ,2.6663 ,3.2724 ,-1.1231 ,0.3381 ,-2.6785 
2646.1000 ,1181.9420 ,1.5732 ,1.9142 ,2.7220 ,3.3384 ,-1.1126 ,0.3555 ,-2.6487 
2590.1300 ,1144.4150 ,1.7885 ,1.9317 ,2.7448 ,3.3399 ,-1.1022 ,0.3729 ,-2.6191 
2626.4150 ,1163.1425 ,1.9724 ,1.9455 ,2.7509 ,3.3311 ,-1.0954 ,0.4146 ,-2.5636 
2738.7400 ,1201.7900 ,1.7352 ,1.9496 ,2.7589 ,3.3463 ,-1.0889 ,0.4561 ,-2.5082 
2872.1020 ,1216.3140 ,1.6376 ,1.9376 ,2.7847 ,3.4202 ,-1.0825 ,0.4977 ,-2.4528 
2983.9200 ,1235.8140 ,1.6005 ,2.0174 ,2.9434 ,3.5463 ,-1.0764 ,0.5392 ,-2.3975 
3012.2860 ,1297.5740 ,1.5609 ,2.0465 ,3.1416 ,3.6802 ,-1.0448 ,0.5683 ,-2.3174 
3069.3760 ,1334.4640 ,1.5736 ,2.0701 ,3.3318 ,3.7889 ,-1.0135 ,0.5973 ,-2.2378 
3108.6100 ,1364.9720 ,1.5301 ,2.1715 ,3.5826 ,3.9021 ,-0.9824 ,0.6262 ,-2.1587 
2900.3660 ,1281.3460 ,1.7250 ,2.2677 ,3.5879 ,3.8830 ,-0.9516 ,0.6550 ,-2.0802 
2868.5100 ,1323.7560 ,1.9273 ,2.5929 ,3.6639 ,3.9562 ,-0.9136 ,0.7016 ,-1.9728 
2839.2060 ,1312.8980 ,2.1116 ,2.7688 ,3.6592 ,3.9179 ,-0.8760 ,0.7481 ,-1.8664 
2846.7160 ,1296.2260 ,2.0001 ,2.7862 ,3.5788 ,3.8730 ,-0.8387 ,0.7943 ,-1.7611 
2910.6640 ,1345.9500 ,2.0073 ,2.9479 ,3.5331 ,3.8256 ,-0.8017 ,0.8405 ,-1.6567 
2865.0640 ,1325.3660 ,2.9148 ,3.1932 ,3.5078 ,3.8011 ,-0.7892 ,0.8154 ,-1.3666 
2766.7160 ,1261.0640 ,4.6960 ,3.3503 ,3.5658 ,3.8930 ,-0.7784 ,0.7914 ,-1.0887 
2838.5600 ,1303.8300 ,2.4486 ,3.0507 ,3.4453 ,3.8329 ,-0.7692 ,0.7686 ,-0.8224 
2807.2440 ,1251.5520 ,1.9594 ,2.8806 ,3.4311 ,3.8738 ,-0.7616 ,0.7468 ,-0.5670 
2713.3360 ,1184.8280 ,3.6409 ,2.9911 ,3.6028 ,3.9789 ,-0.7304 ,0.7180 ,-0.3708 
2716.7720 ,1160.2780 ,7.3118 ,3.1805 ,3.6169 ,4.0053 ,-0.7002 ,0.6900 ,-0.1819 
2794.8250 ,1197.9300 ,4.1720 ,3.1477 ,3.6124 ,4.0187 ,-0.6710 ,0.6626 ,0.0001 
2806.5200 ,1213.6600 ,3.0593 ,3.1999 ,3.7155 ,4.1078 ,-0.6428 ,0.6358 ,0.1753 
2909.8040 ,1273.4240 ,2.2516 ,3.0843 ,3.6466 ,4.0471 ,-0.6071 ,0.6439 ,0.2217 
2881.5140 ,1278.8680 ,2.2761 ,3.0835 ,3.6501 ,3.9949 ,-0.5718 ,0.6521 ,0.2677 
2916.6140 ,1289.1780 ,2.0936 ,2.9686 ,3.5739 ,3.9295 ,-0.5368 ,0.6603 ,0.3133 
2977.8480 ,1304.9740 ,1.7212 ,2.9131 ,3.5421 ,3.9191 ,-0.5021 ,0.6684 ,0.3585 
2913.7760 ,1298.0900 ,1.6920 ,2.8967 ,3.5109 ,3.8630 ,-0.4598 ,0.6727 ,0.3881 
2940.2560 ,1295.6460 ,1.9040 ,2.8809 ,3.5150 ,3.8855 ,-0.4177 ,0.6769 ,0.4176 
2958.6760 ,1271.9200 ,1.7997 ,2.8626 ,3.5054 ,3.9041 ,-0.3758 ,0.6810 ,0.4471 
3013.0967 ,1273.2567 ,1.7816 ,2.8629 ,3.5309 ,3.9150 ,-0.3340 ,0.6851 ,0.4764 
3037.5380 ,1279.8360 ,1.7496 ,2.8298 ,3.4540 ,3.8749 ,-0.2925 ,0.6892 ,0.5057 
3020.1200 ,1276.5060 ,2.3821 ,2.8273 ,3.4605 ,3.8932 ,-0.2745 ,0.6844 ,0.5181 
2925.5780 ,1216.8900 ,2.3981 ,2.8225 ,3.4559 ,3.8829 ,-0.2566 ,0.6795 ,0.5305 
2883.6250 ,1196.8775 ,2.2710 ,2.8431 ,3.4271 ,3.8637 ,-0.2387 ,0.6746 ,0.5429 
2872.3240 ,1204.3640 ,2.1098 ,2.8950 ,3.4303 ,3.8322 ,-0.2209 ,0.6697 ,0.5552 
2858.5280 ,1197.6860 ,2.9871 ,2.9828 ,3.4499 ,3.8365 ,-0.2193 ,0.6506 ,0.5466 
2745.9700 ,1131.7500 ,4.2344 ,3.0447 ,3.4070 ,3.8353 ,-0.2178 ,0.6314 ,0.5380 
2725.3200 ,1110.9920 ,2.9834 ,3.0417 ,3.4152 ,3.8310 ,-0.2162 ,0.6123 ,0.5294 
2725.7700 ,1123.8900 ,3.5750 ,3.0804 ,3.4902 ,3.8645 ,-0.2148 ,0.5931 ,0.5207 
2688.5900 ,1107.9520 ,3.8553 ,3.3463 ,3.5935 ,3.9614 ,-0.2190 ,0.5781 ,0.5200 
2670.3020 ,1099.5760 ,7.1947 ,3.5923 ,3.5921 ,3.9325 ,-0.2233 ,0.5630 ,0.5193 
2753.4700 ,1151.6900 ,5.1989 ,3.4788 ,3.5436 ,3.8794 ,-0.2276 ,0.5479 ,0.5186 
2806.3400 ,1197.8280 ,4.8288 ,3.4062 ,3.5378 ,3.8954 ,-0.2319 ,0.5328 ,0.5178 
2796.6720 ,1214.8460 ,3.6009 ,3.4944 ,3.5772 ,3.9043 ,-0.2363 ,0.5177 ,0.5171 
2788.9120 ,1217.2520 ,4.7091 ,3.7307 ,3.7405 ,4.0384 ,-0.2265 ,0.4996 ,0.5018 
2705.1560 ,1179.1260 ,4.2105 ,3.7662 ,3.8078 ,4.0675 ,-0.2167 ,0.4816 ,0.4865 
2674.3980 ,1180.3980 ,2.8682 ,3.7021 ,3.8715 ,4.0730 ,-0.2071 ,0.4635 ,0.4710 
2555.3500 ,1131.5860 ,2.8142 ,3.5861 ,3.8216 ,3.9552 ,-0.1975 ,0.4455 ,0.4554 
2586.0060 ,1156.5740 ,3.2042 ,3.6268 ,3.8187 ,3.9409 ,-0.1696 ,0.4423 ,0.4670 
2567.6840 ,1149.9400 ,3.7254 ,3.6553 ,3.8213 ,3.9564 ,-0.1418 ,0.4391 ,0.4786 
2558.9340 ,1142.4680 ,3.3770 ,3.8923 ,3.9932 ,4.0951 ,-0.1141 ,0.4359 ,0.4901 
2492.4080 ,1097.6420 ,3.2219 ,3.8737 ,3.9133 ,4.0442 ,-0.0865 ,0.4328 ,0.5017 
2479.3850 ,1086.1125 ,3.0805 ,3.9150 ,3.9164 ,4.0416 ,-0.0589 ,0.4296 ,0.5131 
2454.9480 ,1074.5640 ,3.5671 ,3.8525 ,3.9181 ,4.0570 ,-0.0153 ,0.4247 ,0.5281 
2384.9700 ,1026.7920 ,3.9868 ,3.5869 ,3.7610 ,3.8937 ,0.0280 ,0.4197 ,0.5428 
2396.6960 ,1018.5440 ,3.2250 ,3.2727 ,3.6066 ,3.7843 ,0.0712 ,0.4148 ,0.5573 
2370.0100 ,997.8900 ,2.9281 ,3.1409 ,3.6060 ,3.7455 ,0.1142 ,0.4099 ,0.5715 
2423.3000 ,1008.3400 ,3.9524 ,3.1701 ,3.6328 ,3.7863 ,0.1562 ,0.4151 ,0.5726 
2495.7520 ,1055.7140 ,3.4642 ,3.0640 ,3.5314 ,3.7320 ,0.1980 ,0.4203 ,0.5737 
2499.8360 ,1061.3500 ,3.0652 ,2.7258 ,3.3891 ,3.6447 ,0.2396 ,0.4255 ,0.5748 
2481.0080 ,1064.2620 ,3.0832 ,2.5741 ,3.3524 ,3.6280 ,0.2811 ,0.4308 ,0.5757 
2400.1200 ,1027.2940 ,3.8762 ,2.6582 ,3.3504 ,3.6228 ,0.3248 ,0.4406 ,0.5793 
2375.2700 ,1011.7640 ,3.3036 ,2.6804 ,3.2318 ,3.5707 ,0.3683 ,0.4504 ,0.5828 
2327.3920 ,966.6920 ,2.8722 ,2.6286 ,3.0728 ,3.4774 ,0.4118 ,0.4602 ,0.5863 
2234.8820 ,914.7820 ,2.9391 ,2.7021 ,3.0925 ,3.4849 ,0.4550 ,0.4699 ,0.5898 
2203.2800 ,894.9400 ,2.9112 ,2.7230 ,3.0870 ,3.4724 ,0.5085 ,0.4996 ,0.5917 
2179.8620 ,859.6440 ,3.5589 ,2.7285 ,3.0694 ,3.4471 ,0.5618 ,0.5293 ,0.5936 
2160.4133 ,825.1633 ,3.8399 ,2.7358 ,3.0482 ,3.4223 ,0.6148 ,0.5588 ,0.5956 
2261.4540 ,866.5040 ,3.8168 ,2.7651 ,3.0317 ,3.4034 ,0.6677 ,0.5882 ,0.5977 
2277.2300 ,844.9320 ,5.7624 ,2.8306 ,3.0471 ,3.3935 ,0.6980 ,0.6134 ,0.5967 
2297.7400 ,860.7780 ,2.9514 ,2.7756 ,3.0876 ,3.4231 ,0.7283 ,0.6386 ,0.5957 
2334.4280 ,890.2760 ,2.7467 ,2.8944 ,3.1553 ,3.5062 ,0.7585 ,0.6637 ,0.5948 
2355.4740 ,919.0060 ,3.3705 ,2.9470 ,3.1593 ,3.5273 ,0.7886 ,0.6887 ,0.5938 
2399.5600 ,948.5880 ,4.9159 ,2.9331 ,3.1647 ,3.5195 ,0.8210 ,0.7127 ,0.6290 
2442.8440 ,968.7280 ,2.6808 ,2.9375 ,3.2126 ,3.5484 ,0.8533 ,0.7366 ,0.6638 
2421.9960 ,979.1880 ,2.3549 ,2.9104 ,3.1980 ,3.5416 ,0.8855 ,0.7604 ,0.6982 
2412.0800 ,984.6040 ,2.3476 ,2.8719 ,3.1722 ,3.5433 ,0.9174 ,0.7841 ,0.7322 
2378.1060 ,972.1000 ,2.5830 ,2.8656 ,3.1894 ,3.5514 ,0.9427 ,0.8011 ,0.7489 
2299.5220 ,919.4700 ,2.6469 ,2.8422 ,3.1459 ,3.5183 ,0.9679 ,0.8179 ,0.7655 
2304.3950 ,922.4750 ,3.1341 ,2.8663 ,3.1387 ,3.5197 ,0.9931 ,0.8348 ,0.7819 
2322.1180 ,932.7320 ,3.0983 ,2.8783 ,3.1383 ,3.5342 ,1.0181 ,0.8515 ,0.7981 
2371.6720 ,951.7000 ,3.1842 ,2.8586 ,3.1600 ,3.5381 ,1.0431 ,0.8682 ,0.8142 
2397.0500 ,941.8820 ,3.2641 ,2.8493 ,3.1569 ,3.5369 ,1.0594 ,0.8712 ,0.8215 
2443.5100 ,963.5067 ,2.9326 ,2.8521 ,3.1616 ,3.5472 ,1.0756 ,0.8742 ,0.8288 
2422.9260 ,970.4240 ,2.5059 ,2.8218 ,3.1392 ,3.5329 ,1.0918 ,0.8771 ,0.8360 
2365.0340 ,949.8980 ,1.8712 ,2.4552 ,2.8757 ,3.3972 ,1.1079 ,0.8801 ,0.8431 
2353.9140 ,946.6400 ,1.8719 ,2.3322 ,2.7803 ,3.3655 ,1.1124 ,0.8754 ,0.8476 
2376.2700 ,961.9820 ,1.9215 ,2.2377 ,2.7634 ,3.3552 ,1.1168 ,0.8708 ,0.8521 
2300.9220 ,934.5840 ,2.2016 ,2.2084 ,2.8655 ,3.3498 ,1.1212 ,0.8661 ,0.8565 
2303.4740 ,951.0580 ,2.4747 ,2.2145 ,2.9578 ,3.3818 ,1.1256 ,0.8614 ,0.8610 
2292.6525 ,955.5000 ,3.0344 ,2.3320 ,3.0520 ,3.4076 ,1.1222 ,0.8541 ,0.8617 
2216.8760 ,917.3400 ,3.6610 ,2.3597 ,2.9383 ,3.3418 ,1.1186 ,0.8467 ,0.8623 
2221.5100 ,929.9200 ,2.9067 ,2.3166 ,2.9061 ,3.3181 ,1.1151 ,0.8393 ,0.8630 
2176.4040 ,916.8500 ,2.3951 ,2.2167 ,2.7902 ,3.2550 ,1.1116 ,0.8319 ,0.8636 
2166.3460 ,895.5320 ,2.8427 ,2.2522 ,2.8064 ,3.2826 ,1.1081 ,0.8246 ,0.8643 
2135.7820 ,884.9260 ,2.8549 ,2.2863 ,2.8165 ,3.2761 ,1.1052 ,0.8183 ,0.8637 
2116.1760 ,860.3140 ,2.5732 ,2.3233 ,2.8573 ,3.2871 ,1.1024 ,0.8120 ,0.8632 
2163.2880 ,900.3460 ,2.5812 ,2.4105 ,2.9333 ,3.3159 ,1.0995 ,0.8057 ,0.8626 
2124.9300 ,885.0600 ,2.9123 ,2.4451 ,3.0298 ,3.3269 ,1.0966 ,0.7994 ,0.8621 
2107.6220 ,883.1820 ,3.1474 ,2.5834 ,3.1070 ,3.3629 ,1.0963 ,0.7962 ,0.8603 
2056.4420 ,846.8100 ,2.5048 ,2.6792 ,3.0876 ,3.3781 ,1.0961 ,0.7930 ,0.8584 
2064.0320 ,860.6900 ,2.1106 ,2.6360 ,3.0892 ,3.3970 ,1.0958 ,0.7897 ,0.8566 
2123.2440 ,895.1580 ,2.5643 ,2.7084 ,3.2454 ,3.4911 ,1.0955 ,0.7865 ,0.8548 
2051.4800 ,852.7440 ,3.4988 ,2.8140 ,3.3037 ,3.5254 ,1.0952 ,0.7833 ,0.8530 
2041.8280 ,836.9360 ,3.4473 ,2.8195 ,3.2007 ,3.4625 ,1.0858 ,0.7702 ,0.8333 
2103.4780 ,866.8840 ,2.9342 ,2.7699 ,3.2029 ,3.4914 ,1.0763 ,0.7570 ,0.8135 
2112.6240 ,868.2500 ,2.1917 ,2.8357 ,3.1945 ,3.5042 ,1.0668 ,0.7439 ,0.7935 
2106.1980 ,863.4000 ,2.7189 ,2.9412 ,3.2235 ,3.5525 ,1.0573 ,0.7307 ,0.7734 
2082.3300 ,849.6820 ,3.2533 ,2.9538 ,3.2200 ,3.5778 ,1.0324 ,0.7153 ,0.7729 
2093.2680 ,844.7480 ,2.6124 ,2.9411 ,3.1966 ,3.5698 ,1.0074 ,0.6999 ,0.7725 
2045.5200 ,814.6480 ,2.3576 ,2.9175 ,3.1710 ,3.5365 ,0.9824 ,0.6845 ,0.7721 
2019.8420 ,801.5380 ,2.2721 ,2.8292 ,3.1516 ,3.5222 ,0.9574 ,0.6691 ,0.7716 
1985.1520 ,760.4500 ,2.3159 ,2.8530 ,3.2264 ,3.5452 ,0.9276 ,0.6375 ,0.7646 
2011.5700 ,761.1140 ,2.2664 ,2.8921 ,3.2856 ,3.5557 ,0.8977 ,0.6059 ,0.7574 
2090.6620 ,797.0140 ,2.2711 ,2.8998 ,3.2961 ,3.5692 ,0.8678 ,0.5741 ,0.7503 
2161.3400 ,823.3740 ,2.3850 ,2.9079 ,3.2947 ,3.5949 ,0.8378 ,0.5422 ,0.7431 
2206.1880 ,859.3260 ,2.3082 ,2.9178 ,3.2735 ,3.5889 ,0.7976 ,0.4990 ,0.7472 
2273.0600 ,879.4650 ,3.2315 ,2.9120 ,3.2475 ,3.5900 ,0.7573 ,0.4555 ,0.7514 
2272.6860 ,893.3540 ,2.1525 ,2.8545 ,3.2347 ,3.5921 ,0.7168 ,0.4118 ,0.7557 
2309.7800 ,927.6020 ,2.0835 ,2.8078 ,3.2407 ,3.5980 ,0.6763 ,0.3679 ,0.7599 
2311.6340 ,924.5700 ,2.0267 ,2.8200 ,3.2238 ,3.5757 ,0.6106 ,0.3164 ,0.7714 
2378.4820 ,939.3960 ,2.2796 ,2.8185 ,3.2632 ,3.6054 ,0.5447 ,0.2646 ,0.7829 
2429.3380 ,952.1140 ,3.2496 ,2.7789 ,3.2690 ,3.5927 ,0.4785 ,0.2125 ,0.7945 
2368.3520 ,957.7760 ,1.9946 ,2.7081 ,3.2745 ,3.5765 ,0.4121 ,0.1600 ,0.8061 
2331.4960 ,957.7520 ,3.6558 ,2.7586 ,3.2988 ,3.5902 ,0.3346 ,0.0865 ,0.7819 
2317.9580 ,962.6480 ,2.8431 ,2.7668 ,3.2712 ,3.5795 ,0.2567 ,0.0124 ,0.7573 
2281.9700 ,936.9580 ,2.1426 ,2.7647 ,3.2895 ,3.5893 ,0.1784 ,-0.0624 ,0.7323 
2293.4680 ,943.2300 ,2.1345 ,2.7446 ,3.2997 ,3.5850 ,0.0997 ,-0.1379 ,0.7069 
2279.7140 ,945.3120 ,1.9346 ,2.6973 ,3.3012 ,3.5599 ,0.0444 ,-0.1814 ,0.6921 
2229.1467 ,922.8100 ,2.0548 ,2.6740 ,3.2406 ,3.5080 ,-0.0111 ,-0.2253 ,0.6772 
2217.9660 ,919.6700 ,2.1153 ,2.6544 ,3.2193 ,3.4719 ,-0.0668 ,-0.2694 ,0.6621 
2202.5660 ,919.3680 ,2.1805 ,2.7338 ,3.1949 ,3.4295 ,-0.1227 ,-0.3138 ,0.6469 
2204.4500 ,931.3440 ,3.2810 ,2.8265 ,3.1788 ,3.4464 ,-0.1788 ,-0.3584 ,0.6315 
2189.8100 ,927.5300 ,2.9131 ,2.7764 ,3.1409 ,3.4166 ,-0.2401 ,-0.3923 ,0.6310 
2238.5700 ,962.7540 ,2.3180 ,2.8205 ,3.1190 ,3.4298 ,-0.3016 ,-0.4263 ,0.6306 
2243.6820 ,979.8940 ,2.4599 ,2.8441 ,3.1248 ,3.4227 ,-0.3632 ,-0.4606 ,0.6302 
2294.3400 ,1022.5660 ,3.4261 ,2.8700 ,3.1379 ,3.4194 ,-0.4251 ,-0.4950 ,0.6298 
2311.3540 ,1039.0940 ,3.5930 ,2.8633 ,3.1326 ,3.4290 ,-0.4719 ,-0.5247 ,0.6347 
2259.1220 ,1005.9240 ,6.5004 ,2.9737 ,3.2044 ,3.4640 ,-0.5188 ,-0.5545 ,0.6397 
2155.2000 ,965.4550 ,6.9360 ,3.0942 ,3.2659 ,3.4640 ,-0.5658 ,-0.5844 ,0.6448 
2123.2160 ,962.6780 ,8.1983 ,3.3365 ,3.4329 ,3.5630 ,-0.6130 ,-0.6145 ,0.6499 
1960.6940 ,887.6220 ,5.7151 ,3.5604 ,3.4057 ,3.5571 ,-0.6399 ,-0.6336 ,0.6539 
2001.8740 ,920.5520 ,3.6642 ,3.4053 ,3.2767 ,3.5204 ,-0.6669 ,-0.6529 ,0.6581 
2008.8660 ,917.2600 ,3.2941 ,3.4588 ,3.3522 ,3.5617 ,-0.6939 ,-0.6721 ,0.6622 
2037.2160 ,954.7140 ,3.0816 ,3.4562 ,3.4613 ,3.6587 ,-0.7210 ,-0.6915 ,0.6663 
2022.7980 ,965.0960 ,3.3065 ,3.5328 ,3.6428 ,3.7442 ,-0.7481 ,-0.7109 ,0.6705 
2003.7320 ,954.0560 ,3.5988 ,3.4664 ,3.6458 ,3.7151 ,-0.7943 ,-0.7254 ,0.6671 
2050.9800 ,995.1500 ,3.0956 ,3.4182 ,3.6841 ,3.7764 ,-0.8406 ,-0.7399 ,0.6638 
2091.5820 ,1003.7120 ,3.2481 ,3.5254 ,3.8534 ,3.9257 ,-0.8870 ,-0.7544 ,0.6604 
2071.1480 ,1002.7160 ,3.5180 ,3.6339 ,3.9255 ,4.0317 ,-0.9335 ,-0.7691 ,0.6570 
2099.3900 ,1016.0880 ,3.0596 ,3.6187 ,3.8844 ,4.0017 ,-0.9676 ,-0.7901 ,0.6546 
2122.3200 ,1022.4460 ,2.9988 ,3.6079 ,3.9453 ,4.0463 ,-1.0017 ,-0.8112 ,0.6521 
2236.7200 ,1039.1000 ,2.9761 ,3.6066 ,4.0042 ,4.1048 ,-1.0359 ,-0.8323 ,0.6497 
2202.9367 ,1037.3333 ,3.4309 ,3.5862 ,3.9763 ,4.0569 ,-1.0702 ,-0.8535 ,0.6473 
2188.5860 ,1051.4440 ,3.3852 ,3.5764 ,3.8977 ,4.0067 ,-1.1046 ,-0.8748 ,0.6448 
2174.6700 ,1056.5500 ,3.1534 ,3.5451 ,3.8755 ,3.9954 ,-1.1387 ,-0.8837 ,0.6441 
2207.2625 ,1080.9925 ,3.1782 ,3.5494 ,3.8817 ,4.0183 ,-1.1729 ,-0.8925 ,0.6433 
2209.3140 ,1079.7260 ,3.0746 ,3.5341 ,3.9232 ,4.0888 ,-1.2072 ,-0.9014 ,0.6426 
2184.0560 ,1070.8160 ,3.7064 ,3.6116 ,3.9781 ,4.1596 ,-1.2416 ,-0.9103 ,0.6419 
2142.8720 ,1026.0200 ,4.6456 ,3.8965 ,4.0799 ,4.1950 ,-1.2596 ,-0.9187 ,0.6370 
2136.4020 ,1017.8160 ,3.8501 ,3.9766 ,4.1501 ,4.2435 ,-1.2776 ,-0.9270 ,0.6321 
2112.1040 ,1011.2640 ,3.8279 ,4.1270 ,4.3978 ,4.4764 ,-1.2957 ,-0.9354 ,0.6272 
2199.8220 ,1055.1200 ,4.1246 ,4.1511 ,4.4942 ,4.6816 ,-1.3138 ,-0.9438 ,0.6223 
2202.0260 ,1069.1180 ,3.8065 ,4.0712 ,4.3749 ,4.5131 ,-1.3196 ,-0.9313 ,0.6290 
2233.1940 ,1053.3460 ,3.7575 ,4.0321 ,4.3612 ,4.4722 ,-1.3255 ,-0.9189 ,0.6357 
2215.7480 ,1064.4200 ,3.5480 ,4.0363 ,4.4499 ,4.5792 ,-1.3313 ,-0.9064 ,0.6423 
2134.5620 ,1043.0320 ,3.9406 ,4.0675 ,4.4537 ,4.5805 ,-1.3372 ,-0.8940 ,0.6489 
2092.6640 ,1038.9620 ,4.2011 ,4.1477 ,4.4564 ,4.5653 ,-1.3274 ,-0.8633 ,0.6492 
2101.5100 ,1061.4200 ,3.1458 ,4.2068 ,4.4802 ,4.5847 ,-1.3176 ,-0.8328 ,0.6495 
2035.6580 ,1039.3980 ,2.8530 ,4.1925 ,4.4814 ,4.6179 ,-1.3079 ,-0.8023 ,0.6498 
2017.6800 ,1037.7220 ,2.7933 ,3.9946 ,4.3942 ,4.5871 ,-1.2982 ,-0.7720 ,0.6500 
2029.5760 ,1060.3180 ,3.8875 ,3.7359 ,4.3191 ,4.5182 ,-1.2506 ,-0.7296 ,0.6378 
2038.7000 ,1083.3300 ,4.6885 ,3.6062 ,4.2216 ,4.4988 ,-1.2031 ,-0.6874 ,0.6256 
2044.5000 ,1098.6900 ,4.2779 ,3.5746 ,4.1887 ,4.4731 ,-1.1557 ,-0.6455 ,0.6134 
2102.7900 ,1130.5280 ,3.9175 ,3.5068 ,4.1976 ,4.4812 ,-1.1085 ,-0.6038 ,0.6013 
2129.9020 ,1149.4980 ,2.4028 ,3.3887 ,4.2242 ,4.5325 ,-1.0565 ,-0.5556 ,0.5995 
2051.1620 ,1096.8980 ,1.7959 ,3.2889 ,4.1126 ,4.4368 ,-1.0047 ,-0.5077 ,0.5977 
2063.4560 ,1105.4800 ,2.1059 ,3.2915 ,4.1851 ,4.5013 ,-0.9530 ,-0.4600 ,0.5959 
2004.2740 ,1068.7380 ,1.9441 ,3.1946 ,4.1507 ,4.5028 ,-0.9014 ,-0.4127 ,0.5940 
2022.3400 ,1088.1260 ,2.4717 ,3.1213 ,4.1421 ,4.5050 ,-0.8591 ,-0.3819 ,0.5879 
2057.1120 ,1073.8220 ,2.6216 ,3.1078 ,4.1540 ,4.5109 ,-0.8169 ,-0.3513 ,0.5818 
2048.4580 ,1055.1320 ,2.9289 ,3.0939 ,4.1772 ,4.4934 ,-0.7748 ,-0.3208 ,0.5757 
2117.0900 ,1086.7225 ,2.7618 ,3.3303 ,4.1850 ,4.4591 ,-0.7328 ,-0.2904 ,0.5697 
2106.9800 ,1088.2040 ,2.3435 ,3.5026 ,4.1218 ,4.3519 ,-0.6908 ,-0.2601 ,0.5637 
2059.9180 ,1060.0480 ,2.1331 ,3.5948 ,4.0530 ,4.3196 ,-0.6266 ,-0.2307 ,0.5550 
2016.7300 ,1018.2300 ,2.5112 ,3.5775 ,4.0320 ,4.3102 ,-0.5626 ,-0.2014 ,0.5464 
2018.3760 ,1030.6220 ,2.3448 ,3.5209 ,4.0518 ,4.2423 ,-0.4989 ,-0.1722 ,0.5379 
2040.5960 ,1032.5220 ,2.3620 ,3.5079 ,4.0215 ,4.1650 ,-0.4353 ,-0.1432 ,0.5294 
2018.8220 ,1025.9660 ,2.5191 ,3.4844 ,4.0329 ,4.1718 ,-0.3568 ,-0.0982 ,0.5199 
2041.2180 ,1053.8320 ,2.5647 ,3.3812 ,3.9689 ,4.1316 ,-0.2786 ,-0.0535 ,0.5104 
2033.4950 ,1052.7925 ,2.6006 ,3.2289 ,3.8668 ,4.0314 ,-0.2008 ,-0.0090 ,0.5010 
2052.0820 ,1065.6080 ,2.6301 ,3.2499 ,3.8529 ,4.0684 ,-0.1232 ,0.0352 ,0.4917 
2051.7220 ,1064.3180 ,2.7066 ,3.3771 ,3.8420 ,4.0529 ,-0.0457 ,0.0766 ,0.4803 
2031.7980 ,1072.2600 ,2.9491 ,3.3750 ,3.8364 ,4.0509 ,0.0315 ,0.1179 ,0.4689 
2056.1480 ,1106.5800 ,3.0233 ,3.4317 ,3.8973 ,4.1177 ,0.1085 ,0.1588 ,0.4576 
2049.5720 ,1108.6640 ,3.2841 ,3.4767 ,3.9507 ,4.1229 ,0.1851 ,0.1996 ,0.4464 
2063.7900 ,1108.6660 ,3.2883 ,3.6958 ,4.0199 ,4.2146 ,0.2614 ,0.2401 ,0.4353 
2088.0240 ,1106.0380 ,3.3565 ,3.7658 ,4.0388 ,4.2876 ,0.3790 ,0.2694 ,0.4326 
2185.8480 ,1147.6860 ,3.2779 ,3.7407 ,4.0131 ,4.2729 ,0.4959 ,0.2984 ,0.4300 
2208.5700 ,1171.0640 ,3.1056 ,3.7090 ,3.9803 ,4.2569 ,0.6122 ,0.3272 ,0.4274 
2220.4660 ,1194.0480 ,2.9415 ,3.7579 ,3.9636 ,4.2456 ,0.7279 ,0.3558 ,0.4248 
2239.2560 ,1224.0540 ,2.8683 ,3.7782 ,3.9930 ,4.2434 ,0.8087 ,0.3841 ,0.4189 
2211.7740 ,1209.1400 ,2.8849 ,3.8114 ,3.9961 ,4.2382 ,0.8892 ,0.4123 ,0.4130 
2284.6960 ,1256.5200 ,2.8588 ,3.8000 ,3.9800 ,4.2655 ,0.9694 ,0.4403 ,0.4072 
2322.1175 ,1285.6300 ,2.8784 ,3.8034 ,4.0203 ,4.2883 ,1.0492 ,0.4681 ,0.4015 
2317.7940 ,1281.8480 ,2.8702 ,3.7928 ,3.9743 ,4.1797 ,1.1288 ,0.4958 ,0.3958 
2327.1980 ,1299.5440 ,2.7209 ,3.7628 ,3.9221 ,4.0132 ,1.2110 ,0.5083 ,0.3917 
2360.7900 ,1329.2200 ,2.6011 ,3.7456 ,3.9151 ,3.9875 ,1.2928 ,0.5206 ,0.3876 
2382.2333 ,1352.7100 ,2.5793 ,3.7359 ,3.9072 ,4.0010 ,1.3744 ,0.5330 ,0.3835 
2359.3680 ,1340.5320 ,2.5312 ,3.6268 ,3.7340 ,3.8682 ,1.4556 ,0.5453 ,0.3795 
2325.5280 ,1316.0940 ,2.4601 ,3.4888 ,3.5674 ,3.7763 ,1.5202 ,0.5491 ,0.3805 
2362.5200 ,1337.1940 ,2.5586 ,3.4014 ,3.5606 ,3.7521 ,1.5847 ,0.5529 ,0.3815 
2424.7980 ,1357.4400 ,2.5996 ,3.2429 ,3.4648 ,3.6278 ,1.6489 ,0.5568 ,0.3825 
2480.4500 ,1337.0360 ,2.5401 ,3.1586 ,3.3866 ,3.5613 ,1.7129 ,0.5606 ,0.3835 
2464.1640 ,1345.1160 ,2.5921 ,3.1909 ,3.4773 ,3.6374 ,1.7598 ,0.5611 ,0.3739 
2603.6320 ,1403.4720 ,2.6650 ,3.0463 ,3.3941 ,3.5141 ,1.8065 ,0.5615 ,0.3643 
2812.0700 ,1447.1140 ,2.6872 ,3.0663 ,3.5250 ,3.6266 ,1.8531 ,0.5620 ,0.3547 
2936.0900 ,1453.5960 ,2.7019 ,3.3271 ,3.6728 ,3.7471 ,1.8996 ,0.5624 ,0.3451 
3040.4160 ,1489.3860 ,3.1431 ,3.4245 ,3.6288 ,3.7487 ,1.9470 ,0.5619 ,0.3378 
3072.5460 ,1414.6840 ,3.6404 ,3.4073 ,3.5460 ,3.6451 ,1.9943 ,0.5614 ,0.3306 
3189.5067 ,1410.7500 ,3.5413 ,3.2585 ,3.5219 ,3.6233 ,2.0415 ,0.5609 ,0.3234 
3330.9580 ,1449.9240 ,2.9997 ,3.1989 ,3.5174 ,3.6355 ,2.0885 ,0.5604 ,0.3162 
3280.0040 ,1453.7900 ,2.6926 ,3.2052 ,3.4547 ,3.5620 ,2.1296 ,0.5635 ,0.3148 
3261.6220 ,1492.4160 ,2.7682 ,3.1742 ,3.3797 ,3.4635 ,2.1705 ,0.5665 ,0.3133 
3302.9100 ,1535.7160 ,2.7621 ,3.1028 ,3.3700 ,3.4680 ,2.2114 ,0.5695 ,0.3119 
3143.9560 ,1517.3040 ,2.9347 ,3.0872 ,3.3624 ,3.4439 ,2.2522 ,0.5725 ,0.3105 
3154.3320 ,1529.9120 ,3.0986 ,3.0851 ,3.2701 ,3.3922 ,2.2739 ,0.5721 ,0.3083 
3234.6350 ,1605.3900 ,3.4034 ,3.0713 ,3.1971 ,3.3374 ,2.2956 ,0.5716 ,0.3060 
3279.1667 ,1614.3533 ,3.4477 ,3.0385 ,3.2012 ,3.3608 ,2.3173 ,0.5711 ,0.3037 
3273.7080 ,1662.2840 ,3.4691 ,3.0443 ,3.2635 ,3.4179 ,2.3389 ,0.5706 ,0.3015 
3320.3220 ,1689.2240 ,3.4384 ,3.0731 ,3.3139 ,3.4781 ,2.3494 ,0.5509 ,0.2951 
3545.8100 ,1808.2300 ,3.3844 ,3.1028 ,3.3260 ,3.5311 ,2.3598 ,0.5313 ,0.2886 
3682.6140 ,1924.0000 ,3.2547 ,3.1312 ,3.3488 ,3.5186 ,2.3703 ,0.5116 ,0.2822 
3806.8940 ,2007.1120 ,3.1002 ,3.1950 ,3.4360 ,3.5897 ,2.3807 ,0.4919 ,0.2757 
3987.0075 ,2119.8000 ,2.6665 ,3.1602 ,3.4666 ,3.6728 ,2.3911 ,0.4722 ,0.2693 
4164.7140 ,2146.7380 ,2.3801 ,3.1253 ,3.4354 ,3.6015 ,2.3851 ,0.4171 ,0.2606 
4343.4780 ,2203.2880 ,1.9973 ,3.0021 ,3.2985 ,3.4253 ,2.3790 ,0.3614 ,0.2520 
4480.4750 ,2250.6475 ,1.7864 ,2.8034 ,3.2619 ,3.3815 ,2.3729 ,0.3051 ,0.2433 
4265.3140 ,2231.9460 ,1.5726 ,2.7077 ,3.2671 ,3.4095 ,2.3667 ,0.2482 ,0.2347 
4359.5120 ,2428.5300 ,1.2872 ,2.4750 ,3.0972 ,3.3893 ,2.3379 ,0.1771 ,0.2305 
4466.8700 ,2628.4820 ,1.0907 ,2.4180 ,3.1143 ,3.4224 ,2.3090 ,0.1052 ,0.2264 
4779.6840 ,2827.5860 ,1.0864 ,2.0053 ,3.2279 ,3.5237 ,2.2800 ,0.0325 ,0.2222 
4923.8900 ,3014.8000 ,1.0853 ,1.9306 ,3.2764 ,3.6024 ,2.2509 ,-0.0410 ,0.2180 
5127.8780 ,3058.2740 ,1.1299 ,1.7486 ,3.2538 ,3.5903 ,2.2087 ,-0.1045 ,0.2144 
4836.4080 ,2942.5820 ,1.1997 ,1.6863 ,3.2445 ,3.6077 ,2.1665 ,-0.1685 ,0.2107 
4496.8225 ,2704.2600 ,1.3841 ,1.7270 ,3.2078 ,3.6060 ,2.1241 ,-0.2331 ,0.2070 
3996.7280 ,2295.2100 ,1.2461 ,1.7554 ,3.1890 ,3.6015 ,2.0815 ,-0.2983 ,0.2033 
3719.4700 ,1969.9480 ,1.2251 ,2.1095 ,3.1196 ,3.4566 ,2.0388 ,-0.3640 ,0.1995 
3896.2220 ,2121.1100 ,1.2908 ,2.4456 ,3.1601 ,3.5236 ,1.9696 ,-0.4319 ,0.1955 
4046.1320 ,2291.7460 ,1.3595 ,2.3953 ,3.1632 ,3.4944 ,1.9000 ,-0.5006 ,0.1914 
3709.4460 ,2141.8760 ,1.4620 ,2.2593 ,3.1613 ,3.4492 ,1.8302 ,-0.5700 ,0.1873 
3695.9520 ,2124.6580 ,1.5448 ,2.2509 ,3.1868 ,3.4651 ,1.7601 ,-0.6401 ,0.1833 
3932.5080 ,2283.4960 ,1.6359 ,2.2723 ,3.2437 ,3.5124 ,1.7077 ,-0.6919 ,0.1842 
3741.5940 ,2183.7700 ,1.8045 ,2.2575 ,3.2607 ,3.5101 ,1.6551 ,-0.7441 ,0.1852 
3083.6220 ,1785.2660 ,1.8365 ,2.2732 ,3.1933 ,3.4255 ,1.6025 ,-0.7967 ,0.1862 
3177.5933 ,1724.0133 ,1.9094 ,2.2568 ,3.1353 ,3.3115 ,1.5496 ,-0.8496 ,0.1872 
3178.4160 ,1753.8880 ,1.9338 ,2.2602 ,3.1870 ,3.3458 ,1.4966 ,-0.9029 ,0.1882 
3091.2420 ,1652.8060 ,1.9332 ,2.3161 ,3.1565 ,3.3164 ,1.4488 ,-0.9483 ,0.1867 
3138.6180 ,1736.1300 ,1.9338 ,2.3191 ,3.1404 ,3.3219 ,1.4008 ,-0.9939 ,0.1851 
3063.8933 ,1722.1400 ,1.9942 ,2.3947 ,3.0677 ,3.2575 ,1.3527 ,-1.0397 ,0.1836 
3163.2550 ,1798.5100 ,1.9239 ,2.4079 ,2.9903 ,3.1836 ,1.3045 ,-1.0859 ,0.1820 
3314.5500 ,1917.3600 ,1.9333 ,2.4210 ,2.9265 ,3.0999 ,1.2620 ,-1.1297 ,0.1830 
3382.7760 ,1968.6360 ,1.9374 ,2.4300 ,2.9130 ,3.0672 ,1.2193 ,-1.1739 ,0.1840 
3401.8000 ,2020.3800 ,1.8431 ,2.3776 ,2.8583 ,3.0194 ,1.1766 ,-1.2182 ,0.1851 
3442.8540 ,2062.1260 ,1.8249 ,2.4320 ,2.9471 ,3.1015 ,1.1338 ,-1.2628 ,0.1861 
3630.2720 ,2223.8960 ,1.8164 ,2.5529 ,3.0218 ,3.1586 ,1.1013 ,-1.3090 ,0.1810 
3605.5580 ,2243.0160 ,1.8115 ,2.5914 ,2.9933 ,3.1332 ,1.0688 ,-1.3553 ,0.1758 
3589.2420 ,2284.4260 ,1.8088 ,2.5741 ,2.9407 ,3.0868 ,1.0361 ,-1.4019 ,0.1706 
3509.6860 ,2213.6800 ,1.8155 ,2.5604 ,2.8809 ,3.0384 ,1.0034 ,-1.4487 ,0.1654 
3473.9040 ,2220.9220 ,1.8243 ,2.4893 ,2.8345 ,3.0040 ,0.9633 ,-1.5113 ,0.1589 
3541.2340 ,2292.4600 ,1.8287 ,2.4116 ,2.7982 ,2.9947 ,0.9231 ,-1.5744 ,0.1523 
3634.1460 ,2358.9560 ,1.9312 ,2.3244 ,2.6723 ,2.8390 ,0.8828 ,-1.6379 ,0.1457 
3552.3950 ,2324.7500 ,1.9982 ,2.3028 ,2.6803 ,2.8124 ,0.8424 ,-1.7018 ,0.1391 
3251.4440 ,2053.9400 ,2.0434 ,2.3637 ,2.7568 ,2.8671 ,0.7979 ,-1.7804 ,0.1329 
2979.5560 ,1830.0340 ,1.9925 ,2.2989 ,2.6384 ,2.7658 ,0.7533 ,-1.8596 ,0.1266 
2939.0620 ,1846.1440 ,2.0404 ,2.2903 ,2.6676 ,2.7899 ,0.7085 ,-1.9394 ,0.1203 
2763.4260 ,1715.7700 ,2.0527 ,2.3312 ,2.7689 ,2.8701 ,0.6636 ,-2.0197 ,0.1140 
2744.4360 ,1731.9940 ,2.0686 ,2.3194 ,2.7374 ,2.8621 ,0.6096 ,-2.1446 ,0.1066 
2834.6040 ,1822.2620 ,2.0120 ,2.2938 ,2.7017 ,2.8340 ,0.5553 ,-2.2707 ,0.0991 
2853.5740 ,1823.4100 ,2.0290 ,2.2707 ,2.6583 ,2.8551 ,0.5008 ,-2.3980 ,0.0915 
2800.9480 ,1710.1020 ,2.0247 ,2.2126 ,2.6305 ,2.8747 ,0.4460 ,-2.5265 ,0.0839 
2855.2660 ,1715.9680 ,2.0118 ,2.1829 ,2.6223 ,2.8938 ,0.3932 ,-2.6133 ,0.0841 
2890.8560 ,1759.0960 ,2.0164 ,2.1019 ,2.5707 ,2.8269 ,0.3402 ,-2.7009 ,0.0843 
2993.7040 ,1886.1940 ,2.0672 ,2.0641 ,2.5458 ,2.8307 ,0.2870 ,-2.7891 ,0.0845 
2978.3500 ,1887.1340 ,2.0715 ,2.0916 ,2.4929 ,2.8476 ,0.2335 ,-2.8781 ,0.0846 
3024.2600 ,1939.3500 ,2.0495 ,2.1237 ,2.4958 ,2.8883 ,0.1799 ,-2.9677 ,0.0847 
3056.9460 ,1962.3080 ,2.0442 ,2.2084 ,2.5887 ,2.9193 ,0.1301 ,-3.0106 ,0.0783 
2992.2380 ,1899.6420 ,2.0621 ,2.2336 ,2.6763 ,2.9176 ,0.0801 ,-3.0549 ,0.0718 
2949.7900 ,1873.3400 ,2.0914 ,2.3038 ,2.7534 ,2.9092 ,0.0298 ,-3.1005 ,0.0654 
2973.7500 ,1917.9525 ,2.0519 ,2.3195 ,2.7180 ,2.8972 ,-0.0207 ,-3.1475 ,0.0590 
2832.9420 ,1794.4060 ,2.0553 ,2.3150 ,2.7005 ,2.8984 ,-0.0558 ,-3.1963 ,0.0580 
2826.8880 ,1793.3240 ,2.0607 ,2.3064 ,2.7411 ,2.9445 ,-0.0910 ,-3.2460 ,0.0570 
2824.7800 ,1808.3580 ,2.0567 ,2.3137 ,2.7522 ,2.9431 ,-0.1264 ,-3.2967 ,0.0560 
2903.2980 ,1875.4380 ,2.0666 ,2.3513 ,2.7615 ,2.9972 ,-0.1619 ,-3.3484 ,0.0549 
2932.4367 ,1921.2067 ,2.0300 ,2.4051 ,2.7941 ,3.0061 ,-0.1907 ,-3.3880 ,0.0444 
2864.0800 ,1867.2080 ,2.0752 ,2.4057 ,2.7785 ,2.9614 ,-0.2197 ,-3.4282 ,0.0339 
2883.8340 ,1907.2040 ,2.0785 ,2.4028 ,2.7505 ,2.9262 ,-0.2487 ,-3.4688 ,0.0233 
2920.3880 ,1967.0760 ,2.0911 ,2.3887 ,2.6788 ,2.8391 ,-0.2779 ,-3.5100 ,0.0127 
3003.4440 ,2010.1360 ,2.0973 ,2.3327 ,2.6637 ,2.8255 ,-0.3071 ,-3.5517 ,0.0021 
3042.6620 ,2030.2640 ,2.0580 ,2.3169 ,2.6833 ,2.8359 ,-0.3737 ,-3.6608 ,-0.0099 
3031.9780 ,2031.1860 ,2.0553 ,2.2723 ,2.6304 ,2.8035 ,-0.4408 ,-3.7711 ,-0.0220 
3006.3320 ,1982.2640 ,2.0764 ,2.2498 ,2.5862 ,2.7917 ,-0.5082 ,-3.8828 ,-0.0341 
2972.4520 ,1932.9360 ,2.0653 ,2.2160 ,2.5761 ,2.7714 ,-0.5762 ,-3.9958 ,-0.0464 
3020.4040 ,1969.1340 ,2.0744 ,2.1649 ,2.5097 ,2.7025 ,-0.5762 ,-3.9958 ,-0.0464 
3111.4020 ,2038.0460 ,2.0792 ,2.1036 ,2.4943 ,2.6751 ,-0.5762 ,-3.9958 ,-0.0464 
3079.8080 ,2023.0200 ,2.0720 ,2.1125 ,2.5409 ,2.7086 ,-0.5762 ,-3.9958 ,-0.0464 
3076.7333 ,2029.4600 ,2.1014 ,2.1243 ,2.5662 ,2.7339 ,-0.5762 ,-3.9958 ,-0.0464 
